news,score
string,0.9130026671309376
string,0.9130026671309376
string,0.9130026671309376
string,0.9130026671309376
string,0.9130026671309376
string,0.9130026671309376
this is awsesome,0.8369598863253142
this is bad,0.44020221641046753
this is good,1.0054311661676583
this is ,0.8581292023921054
this is www,0.8198852576910923
